	MEME_0_1115_motif_1.probs.tsv	MEME_0_1115_motif_5.probs.tsv	MEME_0_1115_motif_3.probs.tsv	MEME_0_1115_motif_6.probs.tsv	MEME_0_1115_motif_4.probs.tsv	MEME_0_1115_motif_2.probs.tsv
MEME_0_1115_motif_1.probs.tsv	(1.0, 0, 36, 36, 36)	(0.4736759479099597, 27, 9, 36, 36)	(0.28957235446749346, 22, 14, 36, 36)	(0.2402239783368439, -20, 16, 36, 36)	(0.45755163319655195, -29, 7, 36, 35)	(0.47286232539086687, -30, 6, 36, 36)
MEME_0_1115_motif_5.probs.tsv	(0.4736759479099597, -27, 9, 36, 36)	(1.0, 0, 36, 36, 36)	(0.37158864787558854, -15, 21, 36, 36)	(0.3309224811724004, 29, 7, 36, 36)	(0.4635851944875607, -30, 6, 36, 35)	(0.2891709683691538, 28, 8, 36, 36)
MEME_0_1115_motif_3.probs.tsv	(0.28957235446749346, -22, 14, 36, 36)	(0.37158864787558854, 15, 21, 36, 36)	(1.0, 0, 36, 36, 36)	(0.29062802495749335, 25, 11, 36, 36)	(0.4917243627373527, 29, 6, 36, 35)	(0.3917040536640022, 28, 8, 36, 36)
MEME_0_1115_motif_6.probs.tsv	(0.2402239783368439, 20, 16, 36, 36)	(0.3309224811724004, -29, 7, 36, 36)	(0.29062802495749335, -25, 11, 36, 36)	(1.0, 0, 36, 36, 36)	(0.24034757762788678, -7, 29, 36, 35)	(0.23527128414568882, 10, 26, 36, 36)
MEME_0_1115_motif_4.probs.tsv	(0.45755163319655195, 29, 7, 35, 36)	(0.4635851944875607, 30, 6, 35, 36)	(0.4917243627373527, -29, 6, 35, 36)	(0.24034757762788678, 7, 29, 35, 36)	(1.0, 0, 35, 35, 35)	(0.2964576437977854, -19, 16, 35, 36)
MEME_0_1115_motif_2.probs.tsv	(0.47286232539086687, 30, 6, 36, 36)	(0.2891709683691538, -28, 8, 36, 36)	(0.3917040536640022, -28, 8, 36, 36)	(0.23527128414568882, -10, 26, 36, 36)	(0.2964576437977854, 19, 16, 36, 35)	(1.0, 0, 36, 36, 36)
